<?xml version="1.0" encoding="UTF-8"?>
<!DOCTYPE MudletPackage>
<MudletPackage version="1.001">
	<TriggerPackage>
		<TriggerGroup isActive="yes" isFolder="yes" isTempTrigger="no" isMultiline="no" isPerlSlashGOption="no" isColorizerTrigger="no" isFilterTrigger="no" isSoundTrigger="no" isColorTrigger="no" isColorTriggerFg="no" isColorTriggerBg="no">
			<name>PIECE Them</name>
			<script></script>
			<triggerType>0</triggerType>
			<conditonLineDelta>0</conditonLineDelta>
			<mStayOpen>0</mStayOpen>
			<mCommand></mCommand>
			<packageName></packageName>
			<mFgColor>#ff0000</mFgColor>
			<mBgColor>#ffff00</mBgColor>
			<mSoundFile></mSoundFile>
			<colorTriggerFgColor>#000000</colorTriggerFgColor>
			<colorTriggerBgColor>#000000</colorTriggerBgColor>
			<regexCodeList />
			<regexCodePropertyList />
			<Trigger isActive="yes" isFolder="no" isTempTrigger="no" isMultiline="no" isPerlSlashGOption="no" isColorizerTrigger="no" isFilterTrigger="no" isSoundTrigger="no" isColorTrigger="no" isColorTriggerFg="no" isColorTriggerBg="no">
				<name>Stim Up</name>
				<script>pieceThem.stim = true</script>
				<triggerType>0</triggerType>
				<conditonLineDelta>0</conditonLineDelta>
				<mStayOpen>0</mStayOpen>
				<mCommand></mCommand>
				<packageName></packageName>
				<mFgColor>#ff0000</mFgColor>
				<mBgColor>#ffff00</mBgColor>
				<mSoundFile></mSoundFile>
				<colorTriggerFgColor>#000000</colorTriggerFgColor>
				<colorTriggerBgColor>#000000</colorTriggerBgColor>
				<regexCodeList>
					<string>You can again use a stim.</string>
				</regexCodeList>
				<regexCodePropertyList>
					<integer>3</integer>
				</regexCodePropertyList>
			</Trigger>
			<Trigger isActive="yes" isFolder="no" isTempTrigger="no" isMultiline="no" isPerlSlashGOption="no" isColorizerTrigger="no" isFilterTrigger="no" isSoundTrigger="no" isColorTrigger="no" isColorTriggerFg="no" isColorTriggerBg="no">
				<name>Stim Down</name>
				<script>pieceThem.stim = false</script>
				<triggerType>0</triggerType>
				<conditonLineDelta>0</conditonLineDelta>
				<mStayOpen>0</mStayOpen>
				<mCommand></mCommand>
				<packageName></packageName>
				<mFgColor>#ff0000</mFgColor>
				<mBgColor>#ffff00</mBgColor>
				<mSoundFile></mSoundFile>
				<colorTriggerFgColor>#000000</colorTriggerFgColor>
				<colorTriggerBgColor>#000000</colorTriggerBgColor>
				<regexCodeList>
					<string>You jam a stim into your vein and healing nanites surge through your body.</string>
				</regexCodeList>
				<regexCodePropertyList>
					<integer>3</integer>
				</regexCodePropertyList>
			</Trigger>
			<Trigger isActive="yes" isFolder="no" isTempTrigger="no" isMultiline="no" isPerlSlashGOption="no" isColorizerTrigger="no" isFilterTrigger="no" isSoundTrigger="no" isColorTrigger="no" isColorTriggerFg="no" isColorTriggerBg="no">
				<name>Eject Up</name>
				<script>pieceThem.eject = true</script>
				<triggerType>0</triggerType>
				<conditonLineDelta>0</conditonLineDelta>
				<mStayOpen>0</mStayOpen>
				<mCommand></mCommand>
				<packageName></packageName>
				<mFgColor>#ff0000</mFgColor>
				<mBgColor>#ffff00</mBgColor>
				<mSoundFile></mSoundFile>
				<colorTriggerFgColor>#000000</colorTriggerFgColor>
				<colorTriggerBgColor>#000000</colorTriggerBgColor>
				<regexCodeList>
					<string>You can once again drop an unspent magazine.</string>
				</regexCodeList>
				<regexCodePropertyList>
					<integer>3</integer>
				</regexCodePropertyList>
			</Trigger>
			<Trigger isActive="yes" isFolder="no" isTempTrigger="no" isMultiline="no" isPerlSlashGOption="no" isColorizerTrigger="no" isFilterTrigger="no" isSoundTrigger="no" isColorTrigger="no" isColorTriggerFg="no" isColorTriggerBg="no">
				<name>Eject Down</name>
				<script>pieceThem.eject = false</script>
				<triggerType>0</triggerType>
				<conditonLineDelta>0</conditonLineDelta>
				<mStayOpen>0</mStayOpen>
				<mCommand></mCommand>
				<packageName></packageName>
				<mFgColor>#ff0000</mFgColor>
				<mBgColor>#ffff00</mBgColor>
				<mSoundFile></mSoundFile>
				<colorTriggerFgColor>#000000</colorTriggerFgColor>
				<colorTriggerBgColor>#000000</colorTriggerBgColor>
				<regexCodeList>
					<string>Despite the waste, you eject</string>
				</regexCodeList>
				<regexCodePropertyList>
					<integer>2</integer>
				</regexCodePropertyList>
			</Trigger>
			<Trigger isActive="yes" isFolder="no" isTempTrigger="no" isMultiline="no" isPerlSlashGOption="no" isColorizerTrigger="no" isFilterTrigger="no" isSoundTrigger="no" isColorTrigger="no" isColorTriggerFg="no" isColorTriggerBg="no">
				<name>Rapidfire Up</name>
				<script>pieceThem.rapidfire = true</script>
				<triggerType>0</triggerType>
				<conditonLineDelta>0</conditonLineDelta>
				<mStayOpen>0</mStayOpen>
				<mCommand></mCommand>
				<packageName></packageName>
				<mFgColor>#ff0000</mFgColor>
				<mBgColor>#ffff00</mBgColor>
				<mSoundFile></mSoundFile>
				<colorTriggerFgColor>#000000</colorTriggerFgColor>
				<colorTriggerBgColor>#000000</colorTriggerBgColor>
				<regexCodeList>
					<string>You are again ready to dualshoot.</string>
				</regexCodeList>
				<regexCodePropertyList>
					<integer>3</integer>
				</regexCodePropertyList>
			</Trigger>
			<Trigger isActive="yes" isFolder="no" isTempTrigger="no" isMultiline="no" isPerlSlashGOption="no" isColorizerTrigger="no" isFilterTrigger="no" isSoundTrigger="no" isColorTrigger="no" isColorTriggerFg="no" isColorTriggerBg="no">
				<name>Rapidfire Down</name>
				<script>pieceThem.rapidfire = false</script>
				<triggerType>0</triggerType>
				<conditonLineDelta>0</conditonLineDelta>
				<mStayOpen>0</mStayOpen>
				<mCommand></mCommand>
				<packageName></packageName>
				<mFgColor>#ff0000</mFgColor>
				<mBgColor>#ffff00</mBgColor>
				<mSoundFile></mSoundFile>
				<colorTriggerFgColor>#000000</colorTriggerFgColor>
				<colorTriggerBgColor>#000000</colorTriggerBgColor>
				<regexCodeList>
					<string>Placing your hand on the hammer of</string>
				</regexCodeList>
				<regexCodePropertyList>
					<integer>2</integer>
				</regexCodePropertyList>
			</Trigger>
			<TriggerGroup isActive="yes" isFolder="yes" isTempTrigger="no" isMultiline="no" isPerlSlashGOption="no" isColorizerTrigger="no" isFilterTrigger="no" isSoundTrigger="no" isColorTrigger="no" isColorTriggerFg="no" isColorTriggerBg="no">
				<name>Interrupts</name>
				<script></script>
				<triggerType>0</triggerType>
				<conditonLineDelta>0</conditonLineDelta>
				<mStayOpen>0</mStayOpen>
				<mCommand></mCommand>
				<packageName></packageName>
				<mFgColor>#ff0000</mFgColor>
				<mBgColor>#ffff00</mBgColor>
				<mSoundFile></mSoundFile>
				<colorTriggerFgColor>#000000</colorTriggerFgColor>
				<colorTriggerBgColor>#000000</colorTriggerBgColor>
				<regexCodeList />
				<regexCodePropertyList />
				<Trigger isActive="yes" isFolder="no" isTempTrigger="no" isMultiline="no" isPerlSlashGOption="no" isColorizerTrigger="yes" isFilterTrigger="no" isSoundTrigger="no" isColorTrigger="no" isColorTriggerFg="no" isColorTriggerBg="no">
					<name>Interrupts</name>
					<script>pieceThem.interrupt = true</script>
					<triggerType>0</triggerType>
					<conditonLineDelta>0</conditonLineDelta>
					<mStayOpen>0</mStayOpen>
					<mCommand></mCommand>
					<packageName></packageName>
					<mFgColor>#ff0000</mFgColor>
					<mBgColor>#ffff00</mBgColor>
					<mSoundFile></mSoundFile>
					<colorTriggerFgColor>#000000</colorTriggerFgColor>
					<colorTriggerBgColor>#000000</colorTriggerBgColor>
					<regexCodeList>
						<string>Staggering backwards, shoulder joint grinding, a crystal-clawed rock giant draws back</string>
						<string>Throwing back its grizzled head, a sly cania lets out a high-pitched, wavering howl.</string>
					</regexCodeList>
					<regexCodePropertyList>
						<integer>2</integer>
						<integer>3</integer>
					</regexCodePropertyList>
				</Trigger>
				<Trigger isActive="yes" isFolder="no" isTempTrigger="no" isMultiline="no" isPerlSlashGOption="no" isColorizerTrigger="no" isFilterTrigger="no" isSoundTrigger="no" isColorTrigger="no" isColorTriggerFg="no" isColorTriggerBg="no">
					<name>Interrupted</name>
					<script>pieceThem.interrupt = false</script>
					<triggerType>0</triggerType>
					<conditonLineDelta>0</conditonLineDelta>
					<mStayOpen>0</mStayOpen>
					<mCommand></mCommand>
					<packageName></packageName>
					<mFgColor>#ff0000</mFgColor>
					<mBgColor>#ffff00</mBgColor>
					<mSoundFile></mSoundFile>
					<colorTriggerFgColor>#000000</colorTriggerFgColor>
					<colorTriggerBgColor>#000000</colorTriggerBgColor>
					<regexCodeList>
						<string>Diving into a ducking roll, you smash</string>
						<string>^Dramatically bringing (.+) within centimeters of (.+)forehead\, you fire a point blank shot\.$</string>
					</regexCodeList>
					<regexCodePropertyList>
						<integer>2</integer>
						<integer>1</integer>
					</regexCodePropertyList>
				</Trigger>
			</TriggerGroup>
		</TriggerGroup>
	</TriggerPackage>
	<TimerPackage />
	<AliasPackage />
	<ActionPackage />
	<ScriptPackage>
		<ScriptGroup isActive="yes" isFolder="yes">
			<name>PIECE Them</name>
			<packageName></packageName>
			<script>-------------------------------------------------
--         Put your Lua functions here.        --
--                                             --
-- Note that you can also use external Scripts --
-------------------------------------------------
</script>
			<eventHandlerList />
			<Script isActive="yes" isFolder="no">
				<name>Gunslinger Attack</name>
				<packageName></packageName>
				<script>function pieceThem.shoost()

	pieceThem.myHP = tonumber(gmcp.Char.Vitals.hp)/tonumber(gmcp.Char.Vitals.maxhp)*100
	local bullets = tonumber(gmcp.Char.Vitals.bl)
		
	if pieceThem.interrupt and bullets &gt; 0 then
		     send("gun pointblank &amp;tar")
	elseif pieceThem.interrupt and bullets &lt; 1 then
		     send("guile kneecap &amp;tar")    		
	elseif pieceThem.myHP &lt;= 75 and pieceThem.canStim then
         send("guile stim")
  elseif bullets &gt; 0 and pieceThem.eject then
         send("gun eject")
	       send("ied fling ripper at &amp;tar")
  elseif bullets &lt; 1 and pieceThem.eject then
         send("gun eject")
         send("ied fling ripper at &amp;tar")
  elseif bullets == 0 and not pieceThem.eject then
         send("ied fling ripper at &amp;tar")
  elseif bullets &gt; 1 and pieceThem.rapidfire then
         send("gun rapidfire &amp;tar")
  elseif bullets &gt; 0 then 
         send("gun crackshot &amp;tar")
    
    end
end</script>
				<eventHandlerList />
			</Script>
			<Script isActive="yes" isFolder="no">
				<name>Don't Touch</name>
				<packageName></packageName>
				<script>pieceThem = {}
pieceThem.shoost = pieceThem.shoost or {}
pieceThem.rapidfire = pieceThem.rapidfire or true
pieceThem.canStim = pieceThem.canStim or true
pieceThem.eject = pieceThem.eject or true
pieceThem.interrupt = pieceThem.interrupt or false</script>
				<eventHandlerList />
			</Script>
		</ScriptGroup>
	</ScriptPackage>
	<KeyPackage>
		<KeyGroup isActive="yes" isFolder="yes">
			<name>Piece Them</name>
			<packageName></packageName>
			<script></script>
			<command></command>
			<keyCode>-1</keyCode>
			<keyModifier>-1</keyModifier>
			<Key isActive="yes" isFolder="no">
				<name>Attack!</name>
				<packageName></packageName>
				<script>pieceThem.shoost()</script>
				<command></command>
				<keyCode>16777264</keyCode>
				<keyModifier>0</keyModifier>
			</Key>
		</KeyGroup>
	</KeyPackage>
	<VariablePackage>
		<HiddenVariables />
	</VariablePackage>
</MudletPackage>
